id;title;description;due_date;completed
1;ick;ignorant jumpy correct;2024-08-21;false
2;or under tone;anenst happily;2024-08-22;false
3;accessorize wrong when;browse that;2024-08-22;false
4;that;eviscerate;2024-08-22;true
5;fame dogwood;secularise since wrongly;2024-08-22;false
6;bah positively;eager quarrelsomely mortgage;2024-08-21;false
7;blog webbed doubtfully;oh meanwhile bah;2024-08-22;true
8;transact sadly;drawing encourage;2024-08-22;false
9;as and till;including reschedule connote;2024-08-22;true
10;excise;fearless or once;2024-08-22;false
